album_title,album_url,album_rss,album_review,album_author,album_latest_time
Nemo的盒子,https://www.52pojie.cn/forum.php?mod=collection&action=view&ctid=2755&fromop=all,0,0,skingnemo,  2024-5-15 10:57
网络空间,https://www.52pojie.cn/forum.php?mod=collection&action=view&ctid=2754&fromop=all,0,0,WeTrust,  2024-5-9 17:36
藏经阁,https://www.52pojie.cn/forum.php?mod=collection&action=view&ctid=2753&fromop=all,0,0,WeTrust,  2024-5-9 11:34
编程之美,https://www.52pojie.cn/forum.php?mod=collection&action=view&ctid=2750&fromop=all,0,0,collinchen1218,  2024-5-5 21:34
软件空间,https://www.52pojie.cn/forum.php?mod=collection&action=view&ctid=2746&fromop=all,5,2,WeTrust,  2024-5-16 11:42
实用工具,https://www.52pojie.cn/forum.php?mod=collection&action=view&ctid=2745&fromop=all,0,0,鹿鸣,  2024-4-26 13:41
赋能学习,https://www.52pojie.cn/forum.php?mod=collection&action=view&ctid=2744&fromop=all,0,0,Pony21,  2024-5-1 07:16
好用软件,https://www.52pojie.cn/forum.php?mod=collection&action=view&ctid=2743&fromop=all,0,0,blackcat88,  2024-5-10 10:05
吾爱大神佳作,https://www.52pojie.cn/forum.php?mod=collection&action=view&ctid=2742&fromop=all,0,0,test365666,  2024-4-23 06:45
吾爱精选,https://www.52pojie.cn/forum.php?mod=collection&action=view&ctid=2741&fromop=all,0,0,test365666,  2024-4-23 06:45
逆向,https://www.52pojie.cn/forum.php?mod=collection&action=view&ctid=2740&fromop=all,0,0,jidaojiuyou,  2024-4-21 02:07
学习破解,https://www.52pojie.cn/forum.php?mod=collection&action=view&ctid=2739&fromop=all,0,0,xianshui8888,  2024-4-19 13:45
精品软件,https://www.52pojie.cn/forum.php?mod=collection&action=view&ctid=2738&fromop=all,0,0,thghx,  2024-5-15 14:19
个人收藏,https://www.52pojie.cn/forum.php?mod=collection&action=view&ctid=2737&fromop=all,0,0,redballoon,  2024-4-13 16:16
52实用软件,https://www.52pojie.cn/forum.php?mod=collection&action=view&ctid=2736&fromop=all,3,2,lccccccc,  2024-5-3 21:05
软件,https://www.52pojie.cn/forum.php?mod=collection&action=view&ctid=2735&fromop=all,0,0,lclchen,  2024-4-3 21:48
软件破解教程精品,https://www.52pojie.cn/forum.php?mod=collection&action=view&ctid=2734&fromop=all,0,0,collinchen1218,  2024-4-19 23:46
逆向文章,https://www.52pojie.cn/forum.php?mod=collection&action=view&ctid=2733&fromop=all,0,0,bucaiGitHub,  2024-5-5 18:46
极品,https://www.52pojie.cn/forum.php?mod=collection&action=view&ctid=2732&fromop=all,0,0,帅帅糖爸,  2024-3-20 18:54
小白的自我救赎2,https://www.52pojie.cn/forum.php?mod=collection&action=view&ctid=2731&fromop=all,0,0,muyisd,  2024-3-20 08:55
实用好软件,https://www.52pojie.cn/forum.php?mod=collection&action=view&ctid=2730&fromop=all,3,0,odinchu,  2024-5-16 10:39
IDA学习,https://www.52pojie.cn/forum.php?mod=collection&action=view&ctid=2729&fromop=all,0,0,HA?,  2024-3-16 14:03
爬虫,https://www.52pojie.cn/forum.php?mod=collection&action=view&ctid=2728&fromop=all,0,0,music984,  2024-3-13 16:23
原创诗词集《岭右诗余》,https://www.52pojie.cn/forum.php?mod=collection&action=view&ctid=2727&fromop=all,0,0,玉柩,  2024-4-8 15:57
游戏推荐系列,https://www.52pojie.cn/forum.php?mod=collection&action=view&ctid=2726&fromop=all,0,0,玉柩,  2024-3-7 11:09
药品推荐系列,https://www.52pojie.cn/forum.php?mod=collection&action=view&ctid=2725&fromop=all,1,0,玉柩,  2024-3-7 11:02
修道修真,https://www.52pojie.cn/forum.php?mod=collection&action=view&ctid=2724&fromop=all,11,2,玉柩,  2024-5-12 09:36
吧规再学,https://www.52pojie.cn/forum.php?mod=collection&action=view&ctid=2723&fromop=all,0,0,QKDS,  2024-2-26 15:25
影音视图,https://www.52pojie.cn/forum.php?mod=collection&action=view&ctid=2722&fromop=all,0,0,7YellowDucks,  2024-2-23 11:34
软件及源码,https://www.52pojie.cn/forum.php?mod=collection&action=view&ctid=2721&fromop=all,1,1,bucaiGitHub,  2024-4-26 11:39
学习,https://www.52pojie.cn/forum.php?mod=collection&action=view&ctid=2720&fromop=all,0,0,ccoo198807,  2024-2-18 08:57
精品集合,https://www.52pojie.cn/forum.php?mod=collection&action=view&ctid=2719&fromop=all,0,0,q14060,  2024-2-6 15:50
超实用APP,https://www.52pojie.cn/forum.php?mod=collection&action=view&ctid=2716&fromop=all,0,0,RobinMaas,  2024-4-4 07:39
收藏软件,https://www.52pojie.cn/forum.php?mod=collection&action=view&ctid=2715&fromop=all,0,0,alinwei,  2024-5-9 10:56
家有熊孩纸,https://www.52pojie.cn/forum.php?mod=collection&action=view&ctid=2714&fromop=all,40,7,putao2014,  2024-5-15 12:26
1,https://www.52pojie.cn/forum.php?mod=collection&action=view&ctid=2713&fromop=all,0,0,xyz667,  2024-1-16 16:16
夸克,https://www.52pojie.cn/forum.php?mod=collection&action=view&ctid=2712&fromop=all,13,5,aibnnhxk,  2024-2-29 16:30
夸克,https://www.52pojie.cn/forum.php?mod=collection&action=view&ctid=2711&fromop=all,0,0,aibnnhxk,  2024-1-5 14:31
自媒体神器,https://www.52pojie.cn/forum.php?mod=collection&action=view&ctid=2710&fromop=all,0,0,aee,  2024-1-4 10:37
回收站,https://www.52pojie.cn/forum.php?mod=collection&action=view&ctid=2709&fromop=all,0,0,womanmm1,  2023-12-28 22:46
